StartDate,EndDate,Status,IPAddress,Progress,Duration (in seconds),Finished,RecordedDate,ResponseId,RecipientLastName,RecipientFirstName,RecipientEmail,ExternalReference,LocationLatitude,LocationLongitude,DistributionChannel,UserLanguage,gender,gender_5_TEXT,age,education,income,ethnicity,ethnicity_6_TEXT,important_friends,important_family,rel_1_money,rel_1_time,rel_2_money,rel_2_time,rel_5_money,rel_5_time,rel_10_money,rel_10_time,rel_20_money,rel_20_time,attention_check,rel_50_money,rel_50_time,rel_100_money,rel_100_time,nonrel_1_money,nonrel_1_time,nonrel_2_money,nonrel_2_time,nonrel_5_money,nonrel_5_time,nonrel_10_money,nonrel_10_time,nonrel_20_money,nonrel_20_time,nonrel_50_money,nonrel_50_time,nonrel_100_money,nonrel_100_time,ease_money,ease_time,money_or_time,feedback
Start Date,End Date,Response Type,IP Address,Progress,Duration (in seconds),Finished,Recorded Date,Response ID,Recipient Last Name,Recipient First Name,Recipient Email,External Data Reference,Location Latitude,Location Longitude,Distribution Channel,User Language,What is your gender? - Selected Choice,What is your gender? - Other (please specify) - Text,How old are you?,What is the highest level of education you have completed?,What is your annual household income?,Which race or ethnicity best describes you? (Please choose only one.) - Selected Choice,Which race or ethnicity best describes you? (Please choose only one.) - Multiple ethnicity / Other (please specify) - Text,Approximately how many important friends do you have in your life?,Approximately how many important family members do you have in your life?,"Imagine that the relative at position #1 on your list is now hospitalized. He/she needs to be accompanied and taken care of in the hospital, as well as a large amount of money to pay for the medical expense. If you now own 100 thousand of US dollars and 100 days of vacation:
How much money (in dollars) would you donate to him/her?",How many days would you spend taking care of him/her?,"Imagine that the relative at position #2 on your list is now hospitalized. He/she needs to be accompanied and taken care of in the hospital, as well as a large amount of money to pay for the medical expense. If you now own 100 thousand of US dollars and 100 days of vacation: 
How much money (in dollars) would you donate to him/her?",How many days would you spend taking care of him/her?,"Imagine that the relative at position #5 on your list is now hospitalized. He/she needs to be accompanied and taken care of in the hospital, as well as a large amount of money to pay for the medical expense. If you now own 100 thousand of US dollars and 100 days of vacation: 
How much money (in dollars) would you donate to him/her?",How many days would you spend taking care of him/her?,"Imagine that the relative at position #10 on your list is now hospitalized. He/she needs to be accompanied and taken care of in the hospital, as well as a large amount of money to pay for the medical expense. If you now own 100 thousand of US dollars and 100 days of vacation:
How much money (in dollars) would you donate to him/her?",How many days would you spend taking care of him/her?,"Imagine that the relative at position #20 on your list is now hospitalized. He/she needs to be accompanied and taken care of in the hospital, as well as a large amount of money to pay for the medical expense. If you now own 100 thousand of US dollars and 100 days of vacation: 
How much money (in dollars) would you donate to him/her?",How many days would you spend taking care of him/her?,"In the last question, your answers referred to the participant in position:","Imagine that the relative at position #50 on your list is now hospitalized. He/she needs to be accompanied and taken care of in the hospital, as well as a large amount of money to pay for the medical expense. If you now own 100 thousand of US dollars and 100 days of vacation:
How much money (in dollars) would you donate to him/her?",How many days would you spend taking care of him/her?,"Imagine that the relative at position #100 on your list is now hospitalized. He/she needs to be accompanied and taken care of in the hospital, as well as a large amount of money to pay for the medical expense. If you now own 100 thousand of US dollars and 100 days of vacation: 
How much money (in dollars) would you donate to him/her?",How many days would you spend taking care of him/her?,"Imagine that the non-relative at position #1 on your list is now hospitalized. He/she needs to be accompanied and taken care of in the hospital, as well as a large amount of money to pay for the medical expense. If you now own 100 thousand of US dollars and 100 days of vacation:
How much money (in dollars) would you donate to him/her?",How many days would you spend taking care of him/her?,"Imagine that the non-relative at position #2 on your list is now hospitalized. He/she needs to be accompanied and taken care of in the hospital, as well as a large amount of money to pay for the medical expense. If you now own 100 thousand of US dollars and 100 days of vacation:
How much money (in dollars) would you donate to him/her?",How many days would you spend taking care of him/her?,"Imagine that the non-relative at position #5 on your list is now hospitalized. He/she needs to be accompanied and taken care of in the hospital, as well as a large amount of money to pay for the medical expense. If you now own 100 thousand of US dollars and 100 days of vacation:
How much money (in dollars) would you donate to him/her?",How many days would you spend taking care of him/her?,"Imagine that the non-relative at position #10 on your list is now hospitalized. He/she needs to be accompanied and taken care of in the hospital, as well as a large amount of money to pay for the medical expense. If you now own 100 thousand of US dollars and 100 days of vacation:
How much money (in dollars) would you donate to him/her?",How many days would you spend taking care of him/her?,"Imagine that the non-relative at position #20 on your list is now hospitalized. He/she needs to be accompanied and taken care of in the hospital, as well as a large amount of money to pay for the medical expense. If you now own 100 thousand of US dollars and 100 days of vacation:
How much money (in dollars) would you donate to him/her?",How many days would you spend taking care of him/her?,"Imagine that the non-relative at position #50 on your list is now hospitalized. He/she needs to be accompanied and taken care of in the hospital, as well as a large amount of money to pay for the medical expense. If you now own 100 thousand of US dollars and 100 days of vacation:
How much money (in dollars) would you donate to him/her?",How many days would you spend taking care of him/her?,"Imagine that the non-relative at position #100 on your list is now hospitalized. He/she needs to be accompanied and taken care of in the hospital, as well as a large amount of money to pay for the medical expense. If you now own 100 thousand of US dollars and 100 days of vacation:
How much money (in dollars) would you donate to him/her?",How many days would you spend taking care of him/her?,How easy is it for you to make money?,How easy is it for you to get free time?,Is money or free time more important to you?,Do you have any feedback about the study that you would like to share?
"{""ImportId"":""startDate"",""timeZone"":""America/Denver""}","{""ImportId"":""endDate"",""timeZone"":""America/Denver""}","{""ImportId"":""status""}","{""ImportId"":""ipAddress""}","{""ImportId"":""progress""}","{""ImportId"":""duration""}","{""ImportId"":""finished""}","{""ImportId"":""recordedDate"",""timeZone"":""America/Denver""}","{""ImportId"":""_recordId""}","{""ImportId"":""recipientLastName""}","{""ImportId"":""recipientFirstName""}","{""ImportId"":""recipientEmail""}","{""ImportId"":""externalDataReference""}","{""ImportId"":""locationLatitude""}","{""ImportId"":""locationLongitude""}","{""ImportId"":""distributionChannel""}","{""ImportId"":""userLanguage""}","{""ImportId"":""QID1""}","{""ImportId"":""QID1_5_TEXT""}","{""ImportId"":""QID2_TEXT""}","{""ImportId"":""QID3""}","{""ImportId"":""QID4""}","{""ImportId"":""QID5""}","{""ImportId"":""QID5_6_TEXT""}","{""ImportId"":""QID6_TEXT""}","{""ImportId"":""QID39_TEXT""}","{""ImportId"":""QID8_TEXT""}","{""ImportId"":""QID9_TEXT""}","{""ImportId"":""QID10_TEXT""}","{""ImportId"":""QID11_TEXT""}","{""ImportId"":""QID12_TEXT""}","{""ImportId"":""QID13_TEXT""}","{""ImportId"":""QID14_TEXT""}","{""ImportId"":""QID15_TEXT""}","{""ImportId"":""QID16_TEXT""}","{""ImportId"":""QID17_TEXT""}","{""ImportId"":""QID38""}","{""ImportId"":""QID18_TEXT""}","{""ImportId"":""QID19_TEXT""}","{""ImportId"":""QID20_TEXT""}","{""ImportId"":""QID21_TEXT""}","{""ImportId"":""QID23_TEXT""}","{""ImportId"":""QID24_TEXT""}","{""ImportId"":""QID25_TEXT""}","{""ImportId"":""QID26_TEXT""}","{""ImportId"":""QID27_TEXT""}","{""ImportId"":""QID28_TEXT""}","{""ImportId"":""QID29_TEXT""}","{""ImportId"":""QID30_TEXT""}","{""ImportId"":""QID31_TEXT""}","{""ImportId"":""QID32_TEXT""}","{""ImportId"":""QID33_TEXT""}","{""ImportId"":""QID34_TEXT""}","{""ImportId"":""QID35_TEXT""}","{""ImportId"":""QID36_TEXT""}","{""ImportId"":""QID42""}","{""ImportId"":""QID43""}","{""ImportId"":""QID44""}","{""ImportId"":""QID41_TEXT""}"
27/10/2023 13:01,27/10/2023 13:05,1,,100,211,1,27/10/2023 13:05,R_3fCMf7kh5XiuQsM,,,,,,,preview,EN,1,,20,1,1,1,,4,,100,100,50,50,40,40,20,20,10,10,,5,5,2,2,200,3,100,2,50,1,5,1,4,3,1,1,1,1,,,,
28/10/2023 16:16,28/10/2023 16:20,1,,100,278,1,28/10/2023 16:20,R_1o13YSPtBi1d5Vt,,,,,,,preview,EN,1,,16,1,4,4,,60,,200,50,100,40,90,10,20,4,17,3,5,2,2,1,1,2000,100,1000,50,500,25,250,10,100,5,50,2,10,1,,,,
29/10/2023 15:05,29/10/2023 15:07,0,,100,119,1,29/10/2023 15:07,R_2rI7mtOe7zg1kNt,,,,,,,anonymous,EN,1,,23,4,2,2,,5,,100,10,90,9,4,1,2,5,0,0,3,5,1,0,0,100000,1,100,10,0,0,11,1,34,4,1000,1,0,0,,,,
29/10/2023 15:02,29/10/2023 15:18,0,,100,996,1,29/10/2023 15:18,R_2EFu5N3qyRvkRMw,,,,,,,anonymous,EN,2,,75,4,2,2,,5,,50000,100,50000,100,30000,50,500,10,100,10,5,0,0,0,0,50000,100,30000,50,500,10,50,10,0,0,0,0,0,0,,,,
29/10/2023 15:44,29/10/2023 15:50,0,,100,362,1,29/10/2023 15:50,R_XzwWy9aPKrQlJLP,,,,,,,anonymous,EN,2,,24,5,2,2,,14,,100000,100,100000,100,100000,100,90000,95,80000,90,5,50000,20,100,5,100000,100,100000,100,100000,100,50000,50,1000,30,1000,30,1000,3,,,,
11/11/2023 22:58,11/11/2023 23:00,1,,100,124,1,11/11/2023 23:00,R_40dECSN1HmkdZdf,,,,,,,preview,EN,,,,,,,,,,,,,,,,,,,,,,,,,,,,,,,,,,,,,,,,,,
15/11/2023 15:46,15/11/2023 16:33,0,,100,2837,1,15/11/2023 16:33,R_23fRDPVBHFK44zf,,,,,,,anonymous,EN,5,I AM YOUR TA PLEASE EXCLUDE ME,99,1,2,6,I AM YOUR TA PLEASE EXCLUDE ME,-12,-2,101,2,10,2,10000,12,5,1,1000,23,5,90000000,999,0,200,0,1,100,20,9,90,120000,1,22222,55,666,123,123,321,,,,I AM YOUR TA PLEASE EXCLUDE ME
28/11/2023 18:20,28/11/2023 18:21,0,,100,32,1,28/11/2023 18:21,R_BSBxATx7CPudyZr,,,,,,,anonymous,EN,,,,,,,,,,,,,,,,,,,,,,,,,,,,,,,,,,,,,,,,,,
28/11/2023 18:25,28/11/2023 18:29,0,,100,271,1,28/11/2023 18:29,R_SN9eAuRnfUAPJkd,,,,,,,anonymous,EN,1,,23,5,2,4,,4,6,90,90,80,50,80,40,50,20,30,20,5,20,10,15,5,90,40,70,30,50,15,15,10,15,8,13,6,10,3,,,,
28/11/2023 18:26,28/11/2023 18:29,0,,100,218,1,28/11/2023 18:29,R_2qn3FaVORKiUp5R,,,,,,,anonymous,EN,1,,64,2,1,5,,3,2,100000,100,100000,100,10000,7,100,1,100,1,5,0,1,0,1,5000,10,5000,10,100,1,100,1,0,1,0,1,0,1,,,,
28/11/2023 18:25,28/11/2023 18:29,0,,100,250,1,28/11/2023 18:29,R_Y4vaA8vCzrEi0tH,,,,,,,anonymous,EN,1,,29,4,3,4,,5,6,100000,100,99000,99,90000,90,20000,10,20000,10,5,1000,0,100,0,100000,100,100000,100,80000,100000,80000,80,1000,2,1000,2,0,0,,,,
28/11/2023 18:25,28/11/2023 18:30,0,,100,299,1,28/11/2023 18:30,R_3lYWGNgCyS1wYKK,,,,,,,anonymous,EN,1,,24,5,1,4,,3,3,100000,100,100000,100,10000,5,10000,2,10000,0,5,10000,0,0,0,100000,100,100000,100,10000,50,10000,0,10000,0,10000,0,0,0,,,,
28/11/2023 18:26,28/11/2023 18:30,0,,100,245,1,28/11/2023 18:30,R_x6g81VnpT3xGvXr,,,,,,,anonymous,EN,3,,21,3,3,4,,17,3,190,100,90,95,60,50,50,30,40,40,5,20,5,0,9,100,100,100,98,96,90,70,70,60,50,50,60,0,15,,,,
28/11/2023 18:24,28/11/2023 18:30,0,,100,358,1,28/11/2023 18:30,R_3mk4Y5DArEV4ueU,,,,,,,anonymous,EN,1,,43,4,5,5,,2,4,2000,10,1500,8,1000,2,500,2,500,2,5,0,0,1,1,10000,50,10000,50,10000,50,5000,30,5000,20,2000,2,2000,1,,,,
28/11/2023 18:24,28/11/2023 18:30,0,,100,361,1,28/11/2023 18:30,R_SHT2T7r1FETcIJr,,,,,,,anonymous,EN,1,,48,4,1,3,,2,5,25,2,25,3,50,5,1000,30,400,6,5,50,2,1000,6,15,0,10,1,1000,5,500,10,40,1,400,7,1500,15,,,,
28/11/2023 18:25,28/11/2023 18:30,0,,100,304,1,28/11/2023 18:30,R_1EhS7QMhA5iJ76j,,,,,,,anonymous,EN,1,,35,5,4,4,,15,12,100,100,100,50,100,100,100,100,100,50,5,100,30,100,50,100,100,100,100,100,100,100,100,100,100,100,50,100,30,,,,this is a very interesting approach!
28/11/2023 18:25,28/11/2023 18:30,0,,100,329,1,28/11/2023 18:30,R_3m82yaMOK8KEMJ2,,,,,,,anonymous,EN,1,,25,4,1,5,,6,20,70000,100,70000,100,40000,60,5000,90,2000,90,5,1000,80,1000,60,5000,100,3000,100,1000,90,1000,80,500,60,500,50,250,30,,,,
28/11/2023 18:27,28/11/2023 18:31,0,,100,251,1,28/11/2023 18:31,R_RQSjBDAzOxf2rKN,,,,,,,anonymous,EN,1,,25,4,1,5,,5,4,50000,30,50000,30,50000,30,40000,25,25000,15,5,10000,2,1000,0,50000,30,50000,30,40000,20,15000,15,5000,5,2500,3,0,0,,,,
28/11/2023 18:25,28/11/2023 18:31,0,,100,387,1,28/11/2023 18:32,R_32ScUXopEbtOtpw,,,,,,,anonymous,EN,1,,24,3,2,5,,5,8,100000,100,100000,100,85000,80,70000,70,40000,30,5,1000,10,100,1,20000,20,17000,18,5000,10,3000,4,1000,3,1000,2,50,1,,,,
28/11/2023 18:25,28/11/2023 18:33,0,,100,468,1,28/11/2023 18:33,R_2Vf4j211hkIJxrh,,,,,,,anonymous,EN,2,,22,4,5,5,,2,10,40000,60,35000,50,20000,20,10000,5,10000,5,5,5000,3,1000,0,50000,65,50000,65,45000,40,35000,40,25000,30,10000,5,500,1,,,,
28/11/2023 18:26,28/11/2023 18:35,0,,100,538,1,28/11/2023 18:35,R_2AQjWNvOkBnQvhU,,,,,,,anonymous,EN,1,,31,4,4,4,,18,5,20,20,12,15,8,10,5,8,4,7,5,2.4,7,1.5,5,2,14,2,12,2,7,1.5,7,1,5,1,5,800,5,,,,
28/11/2023 18:26,28/11/2023 18:35,0,,100,581,1,28/11/2023 18:35,R_8wuloaRk55vfrRD,,,,,,,anonymous,EN,2,,41,3,1,3,,5,10,10000,70,10000,70,10000,60,10000,60,5000,30,5,5000,10,1000,2,5000,50,5000,50,5000,50,1000,10,500,5,500,5,500,1,,,,
28/11/2023 18:25,28/11/2023 18:36,0,,100,666,1,28/11/2023 18:36,R_3eslOjspnF10O6X,,,,,,,anonymous,EN,1,,21,2,2,5,,3,5,70000,70,65000,60,55000,50,30000,20,20000,15,5,10000,14,5000,7,50000,27,50000,24,10000,7,10000,7,5000,7,1000,3,1000,0,,,,Thanks for allowing me to participate in your study. I found it somewhat interesting. 
28/11/2023 21:56,28/11/2023 22:00,0,,100,267,1,28/11/2023 22:00,R_3CARt4tOHIyIX9G,,,,,,,anonymous,EN,2,,29,5,1,2,,6,6,50,50,50,50,30,30,10,10,8,1,5,2,0,0,0,50,50,40,30,30,10,20,5,10,2,5,0,3,0,,,,
28/11/2023 22:40,28/11/2023 22:40,0,,100,49,1,28/11/2023 22:40,R_O7iTRcoTRXLrEqt,,,,,,,anonymous,EN,,,,,,,,,,,,,,,,,,,,,,,,,,,,,,,,,,,,,,,,,,
28/11/2023 15:26,28/11/2023 17:14,0,,95,6523,0,5/12/2023 17:14,R_QaCZ6GMxAaLsjol,,,,,,,anonymous,EN,,,,,,,,,,,,,,,,,,,,,,,,,,,,,,,,,,,,,,,,,,
28/11/2023 22:41,28/11/2023 23:04,0,,22,1387,0,5/12/2023 23:04,R_3j7pmn13LrSmHwT,,,,,,,anonymous,EN,,,,,,,,,,,,,,,,,,,,,,,,,,,,,,,,,,,,,,,,,,
7/12/2023 15:57,7/12/2023 16:04,0,,100,412,1,7/12/2023 16:04,R_3EmnHSUFia0MInJ,,,,,,,anonymous,EN,2,,21,3,4,2,,3,5,60000,80,60000,80,60000,80,30000,40,10000,20,5,1000,5,600,2,80000,80,80000,80,30000,30,10000,15,1000,9,800,4,100,2,2,2,1,
7/12/2023 15:59,7/12/2023 16:04,0,,100,340,1,7/12/2023 16:04,R_1j7baXY70BHVEos,,,,,,,anonymous,EN,1,,21,2,1,2,,0,3,50000,40,45000,35,20000,25,10000,15,10000,12,5,50000,4,5000,3,20000,15,18000,12,15000,8,12500,7,7000,4,3000,2,1500,1,3,1,2,
7/12/2023 15:59,7/12/2023 16:04,0,,100,323,1,7/12/2023 16:04,R_2t5wqOxdJ8LyaId,,,,,,,anonymous,EN,1,,30,5,4,2,,3,3,10000,50,5000,20,5000,20,1000,3,1000,3,5,50,1,50,1,1000,7,1000,3,300,2,100,1,100,1,100,1,100,1,3,2,1,
7/12/2023 16:03,7/12/2023 16:07,0,,100,193,1,7/12/2023 16:07,R_3nHnwJcwikmkxPW,,,,,,,anonymous,EN,1,,28,5,3,2,,6,4,80000,75,65000,75,30000,50,20000,30,10000,25,5,5000,10,2500,10,10000,25,8000,15,5000,12,2500,7,1000,6,800,5,500,5,3,2,2,
7/12/2023 15:58,7/12/2023 16:08,0,,100,583,1,7/12/2023 16:08,R_pLCzjMPoVnXdxyp,,,,,,,anonymous,EN,2,,57,4,3,2,,1,3,50000,50,30000,30,10000,10,1000,1,500,0,5,0,0,0,0,80000,100,100,0,0,0,0,0,0,0,0,0,0,0,2,4,1,No.
7/12/2023 16:01,7/12/2023 16:08,0,,100,448,1,7/12/2023 16:08,R_2wLhuKLWd4XFiHf,,,,,,,anonymous,EN,1,,35,4,5,2,,10,4,50000,100,50000,100,0,0,0,0,0,0,5,0,0,0,0,1000,0,1000,0,0,0,0,0,0,0,0,0,0,0,4,4,1,Other factors contributed to the numbers. The person's own and other close members financial situation and also the availability of other people to look after them.
7/12/2023 16:06,7/12/2023 16:11,0,,100,279,1,7/12/2023 16:11,R_ZwKO3RAhX0tlmUN,,,,,,,anonymous,EN,2,,30,4,4,2,,5,8,10000,60,10000,30,10000,7,5000,7,2000,0,5,500,0,50,0,5000,30,3500,14,200,7,100,3,100,0,50,0,25,0,4,2,1,
7/12/2023 16:03,7/12/2023 16:11,0,,100,474,1,7/12/2023 16:11,R_1K6CtIX8QaOcJaM,,,,,,,anonymous,EN,2,,26,5,2,2,,1,3,100000,100,100000,100,80000,80,50000,80,20000,50,5,10000,30,5000,3,80000,100,50000,80,10000,30,5000,10,5000,5,5000,3,0,1,2,2,1,
7/12/2023 16:09,7/12/2023 16:12,0,,100,186,1,7/12/2023 16:12,R_AFpeahnRAWKHj1L,,,,,,,anonymous,EN,2,,24,4,3,2,,4,1,10000,50,5000,10,1000,2,100,1,0,0,5,0,0,0,0,1000,3,500,1,100,1,50,0,0,0,0,0,0,0,2,2,1,
7/12/2023 16:03,7/12/2023 16:13,0,,100,590,1,7/12/2023 16:13,R_RrWNVyNVEwDorbX,,,,,,,anonymous,EN,1,,56,4,3,2,,1,2,,100,,100,,100,,100,,100,5,,75,,50,,90,,90,,90,,90,,90,,40,,20,1,2,1,
7/12/2023 16:11,7/12/2023 16:14,0,,100,205,1,7/12/2023 16:14,R_24d9X6HHrGRoidc,,,,,,,anonymous,EN,1,,19,2,2,2,,5,3,100000,100,100000,100,100000,99,3000,10,3000,10,5,500,1,100,1,100000,100,100000,100,5000,50,1000,10,100,10,0,0,0,0,3,4,1,
7/12/2023 16:08,7/12/2023 16:15,0,,100,404,1,7/12/2023 16:15,R_2AN0ssSvsLp2TDV,,,,,,,anonymous,EN,2,,39,4,6,2,,5,4,100000,100,100000,80,50000,30,30000,10,20000,8,5,5000,0,2000,0,80000,80,80000,80,50000,50,30000,3,10000,1,2000,0,1000,0,3,2,2,
7/12/2023 16:09,7/12/2023 16:15,0,,100,369,1,7/12/2023 16:15,R_5sxdI2AGGKBGoTf,,,,,,,anonymous,EN,1,,25,4,1,2,,3,3,100000,100,100000,100,60000,60,50000,50,20000,20,5,1000,2,100,1,100000,100,100000,100,60000,60,50000,50,5000,20,1000,5,100,1,3,2,1,
7/12/2023 16:10,7/12/2023 16:16,0,,100,307,1,7/12/2023 16:16,R_111Kvncd7OK0DUL,,,,,,,anonymous,EN,2,,23,4,3,2,,4,2,40000,50,35000,40,20000,50,5000,30,1000,10,5,500,7,50,2,1000,50,1000,50,400,40,300,25,100,5,50,4,30,2,3,3,1,
7/12/2023 16:11,7/12/2023 16:17,0,,100,351,1,7/12/2023 16:17,R_1pGKmA5sfDmC8Mx,,,,,,,anonymous,EN,2,,21,2,2,2,,5,7,70000,80,70000,80,70000,80,60000,70,60000,40,5,20000,20,20000,20,70000,80,70000,70,60000,50,60000,40,20000,20,15000,10,10000,10,3,4,2,
7/12/2023 16:13,7/12/2023 16:18,0,,100,293,1,7/12/2023 16:18,R_3KK35v0NgzHPMQD,,,,,,,anonymous,EN,2,,30,5,4,2,,5,7,20000,20,20000,20,5000,10,0,5,0,0,5,0,0,0,0,20000,10,20000,10,0,0,0,0,0,0,0,0,0,0,4,4,2,
7/12/2023 16:12,7/12/2023 16:18,0,,100,394,1,7/12/2023 16:18,R_2zHjT3zMFScrZq7,,,,,,,anonymous,EN,1,,32,5,3,2,,3,6,80000,60,70000,60,50000,40,30000,25,10000,10,5,1000,5,100,1,40000,60,30000,50,10000,30,5000,20,2500,10,100,5,100,5,1,2,1,Na
7/12/2023 16:12,7/12/2023 16:20,0,,100,476,1,7/12/2023 16:20,R_9RKqF2FbKmjssuZ,,,,,,,anonymous,EN,1,,35,5,2,3,,2,35,100000,100,80000,90,50000,50,10000,10,2000,2,5,5000,1,1,0,10000,10,8000,5,4000,4,3000,3,200,2,10,0,0,0,3,5,2,
7/12/2023 16:19,7/12/2023 16:21,0,,100,144,1,7/12/2023 16:21,R_12PylUq1vHciMZG,,,,,,,anonymous,EN,2,,27,4,3,2,,3,2,10000,30,6000,10,1000,2,100,1,0,0,5,0,0,0,0,20000,60,10000,50,1000,10,1000,10,100,1,100,1,0,0,2,3,2,
7/12/2023 16:18,7/12/2023 16:22,0,,100,224,1,7/12/2023 16:22,R_1dlTkht5UskD63M,,,,,,,anonymous,EN,2,,44,4,3,2,,2,2,10000,50,10000,40,5000,20,1000,10,1000,10,5,1000,10,1000,10,20000,100,10000,50,5000,10,5000,10,5000,10,5000,10,5000,10,1,4,1,
7/12/2023 16:18,7/12/2023 16:23,0,,100,323,1,7/12/2023 16:23,R_30vmCXXCE3bq1Z2,,,,,,,anonymous,EN,1,,32,5,2,2,,3,3,50000,100,50000,100,20000,5,1000,1,5000,1,5,1000,1,200,0,20000,7,20000,7,5000,3,3000,3,1500,1,500,0,100,0,2,1,1,
7/12/2023 16:17,7/12/2023 16:23,0,,100,388,1,7/12/2023 16:23,R_UoTETdYPl9oNoiJ,,,,,,,anonymous,EN,2,,52,4,2,2,,10,10,25000,100,10000,100,500,10,1000,5,10003,,5,100,0,100,0,1000,0,1000,0,500,0,100,0,100,0,50,0,50,0,3,5,2,
7/12/2023 16:20,7/12/2023 16:24,0,,100,211,1,7/12/2023 16:24,R_3IUPWJRjoJkxWPD,,,,,,,anonymous,EN,1,,23,4,2,2,,5,3,30000,30,30000,30,15000,7,0,0,0,0,5,0,0,0,0,0,0,0,0,0,0,0,0,0,0,0,0,0,0,1,3,1,
7/12/2023 16:21,7/12/2023 16:24,0,,100,160,1,7/12/2023 16:24,R_1oBF7veHrY0xTgG,,,,,,,anonymous,EN,1,,20,3,1,2,,5,3,1000,10,1000,9,500,7,400,6,300,5,5,200,3,0,0,0,0,0,0,0,0,0,0,0,0,0,0,0,0,2,2,1,
7/12/2023 16:21,7/12/2023 16:25,0,,100,255,1,7/12/2023 16:25,R_1n0zyKGXxydJNX3,,,,,,,anonymous,EN,1,,33,5,5,2,,3,6,30000,100,30000,1000,20000,100,1000,50,10000,50,5,5000,50,100,10,100,10,100,10,100,10,50,10,25,10,10,10,10,10,1,4,2,
7/12/2023 16:23,7/12/2023 16:25,0,,100,131,1,7/12/2023 16:25,R_2D7xFa9T2E5b65m,,,,,,,anonymous,EN,2,,31,4,4,2,,3,6,15000,30,10000,30,5000,10,5000,10,1000,5,5,1000,5,1000,2,20000,30,10000,10,2000,5,5000,10,1000,2,200,1,100,1,4,1,2,
7/12/2023 16:22,7/12/2023 16:25,0,,100,193,1,7/12/2023 16:25,R_3eyJcHrelr8HCcU,,,,,,,anonymous,EN,1,,20,2,3,2,,3,2,50000,75,60000,50,10000,25,1000,5,1000,5,5,500,0,0,0,100000,100,50000,50,5000,20,2500,5,1000,5,500,0,0,0,2,3,1,
7/12/2023 16:21,7/12/2023 16:25,0,,100,263,1,7/12/2023 16:25,R_UnCbteu6IQ5OYKJ,,,,,,,anonymous,EN,1,,26,5,2,2,,20,50,100000,100,100000,100,10000,10,10000,10,5000,5,5,5000,5,5000,1,100000,100,100000,100,10000,5,5000,5,5000,2,5000,1,5000,1,1,1,2,
7/12/2023 16:21,7/12/2023 16:26,0,,100,275,1,7/12/2023 16:26,R_2eR8t6UFm3PaIUN,,,,,,,anonymous,EN,1,,27,4,3,2,,3,4,10000,30,10000,30,5000,10,1000,5,100,3,5,100,1,100,1,5000,10,5000,10,2000,3,1000,1,1000,1,0,0,0,0,2,2,1,
7/12/2023 16:21,7/12/2023 16:27,0,,100,344,1,7/12/2023 16:27,R_231Bk5ptKlZO3Y7,,,,,,,anonymous,EN,1,,37,5,2,2,,4,2,100000,100,100000,100,0,10,0,2,0,0,5,0,0,0,0,50000,50,50000,50,10000,30,1000,3,500,1,0,0,0,0,3,5,2,
7/12/2023 16:24,7/12/2023 16:27,0,,100,172,1,7/12/2023 16:27,R_2ZX3oczxLJcKZLm,,,,,,,anonymous,EN,1,,31,5,4,2,,5,10,1000,20,500,10,50,5,50,5,10,2,5,0,0,0,0,100,15,100,5,50,5,50,5,50,2,10,0,10,0,2,4,1,
7/12/2023 16:24,7/12/2023 16:28,0,,100,223,1,7/12/2023 16:28,R_3IbIAxRknwheaM3,,,,,,,anonymous,EN,1,,40,4,4,2,,5,4,50000,100,50000,100,1000,20,100,1,0,0,5,0,0,0,0,1000,10,1000,10,500,5,0,1,0,1,0,1,0,0,3,3,2,
7/12/2023 16:22,7/12/2023 16:28,0,,100,326,1,7/12/2023 16:28,R_33kvKDu40rDAafD,,,,,,,anonymous,EN,2,,22,4,1,2,,2,1,0,0,0,0,0,0,0,0,0,0,5,0,0,0,0,100,1,0,0,0,0,0,0,0,0,0,0,0,0,1,1,1,n/a
7/12/2023 16:25,7/12/2023 16:29,0,,100,256,1,7/12/2023 16:29,R_1g2xp1oCyjhgc15,,,,,,,anonymous,EN,1,,22,4,2,2,,7,3,10000,30,3000,20,1500,15,1000,10,100,1,5,100,0,100,0,5000,30,3000,25,1000,19,500,10,100,1,20,0,0,0,1,4,1,No
7/12/2023 16:22,7/12/2023 16:29,0,,100,427,1,7/12/2023 16:29,R_1KxwEm8ENxWtEXm,,,,,,,anonymous,EN,1,,38,4,3,2,,5,4,100000,100,100000,100,50000,30,10000,10,2000,1,5,0,0,0,0,100000,100,100000,100,100000,100,2000,5,500,0,0,0,0,0,1,3,1,
7/12/2023 16:22,7/12/2023 16:30,0,,100,507,1,7/12/2023 16:30,R_2s4GJvNwx6kJhEp,,,,,,,anonymous,EN,1,,29,4,5,2,,8,20,10000,99,10000,99,10000,99,10000,99,10000,99,5,5000,7,0,0,3000,99,5000,99,2000,20,1000,0,0,0,0,0,0,0,2,2,1,
7/12/2023 16:24,7/12/2023 16:30,0,,100,399,1,7/12/2023 16:30,R_3kyWbDN5liDOR4w,,,,,,,anonymous,EN,2,,21,2,3,2,,2,3,20000,90,20000,90,20000,90,5000,30,1000,20,5,500,10,100,0,5000,20,5000,20,1000,10,500,5,100,2,100,1,0,0,2,2,2,
7/12/2023 16:27,7/12/2023 16:31,0,,100,230,1,7/12/2023 16:31,R_2OTuVzCXGK3hESQ,,,,,,,anonymous,EN,1,,29,4,3,2,,4,3,599,365,599,365,300,250,250,50,,,5,50,20,0,0,1000,365,1000,365,500,250,500,250,100,10,25,5,0,0,2,4,2,
7/12/2023 16:26,7/12/2023 16:31,0,,100,334,1,7/12/2023 16:31,R_31dffNVoI2owIEn,,,,,,,anonymous,EN,1,,22,2,1,2,,2,3,15000,60,15000,60,12000,30,12000,30,7000,30,5,3000,10,500,0,15000,50,15000,50,5000,15,5000,15,1000,5,500,0,100,0,2,4,1,
7/12/2023 16:27,7/12/2023 16:32,0,,100,273,1,7/12/2023 16:32,R_1FsJfnYdgibP9Jb,,,,,,,anonymous,EN,2,,33,4,5,2,,5,5,90000,100,80000,100,80000,100,50000,80,50000,80,5,50000,50,20000,20,80000,100,80000,100,80000,80,70000,80,70000,80,30000,50,10000,30,2,4,2,
7/12/2023 16:24,7/12/2023 16:32,0,,100,514,1,7/12/2023 16:32,R_3XezQqSB1aM7RGV,,,,,,,anonymous,EN,1,,38,5,4,2,,5,3,50,50,30,30,10,10,10,10,10,10,5,1,2,1,2,30,30,10,10,5,5,1,2,1,2,0,0,0,0,2,5,2,
7/12/2023 16:27,7/12/2023 16:33,0,,100,337,1,7/12/2023 16:33,R_1LhP0ZgNT89TD37,,,,,,,anonymous,EN,2,,38,4,2,2,,2,4,90000,90,90000,90,90000,90,90000,88,90000,80,5,80000,50,50000,20,90000,5,90000,5,90000,5,80000,5,80000,5,40000,5,15000,1,3,2,2,No
7/12/2023 16:28,7/12/2023 16:33,0,,100,336,1,7/12/2023 16:33,R_W1fMTKwAZOxYXL3,,,,,,,anonymous,EN,1,,54,4,2,2,,3,5,90000,99,90000,99,90000,99,10000,5,10000,5,5,10000,5,1000,2,20000,5,20000,5,20000,5,1000,1,1000,1,1000,1,1000,0,3,2,1,
7/12/2023 16:27,7/12/2023 16:34,0,,100,427,1,7/12/2023 16:34,R_1IsbhvpG7PQbfjK,,,,,,,anonymous,EN,2,,28,4,1,2,,2,4,99000,100,99000,100,50000,90,50000,99,20000,50,5,20000,50,20000,50,50000,90,50000,80,20000,50,20000,50,20000,30,20000,30,10000,20,3,2,2,
7/12/2023 16:31,7/12/2023 16:35,0,,100,236,1,7/12/2023 16:35,R_ZL6UzCs4dhvbTAR,,,,,,,anonymous,EN,1,,33,3,3,2,,5,2,20000,60,15000,45,8000,30,5000,30,2000,30,5,1000,30,1000,30,20000,60,15000,60,15000,45,10000,45,8000,30,5000,30,2000,30,3,2,2,
7/12/2023 16:30,7/12/2023 16:35,0,,100,267,1,7/12/2023 16:35,R_3J1UMO95H1EIVAd,,,,,,,anonymous,EN,2,,26,4,5,2,,3,8,20000,50,20000,40,20000,40,20000,40,5000,10,5,2000,5,500,1,5000,5,500,5,200,1,200,1,100,1,50,1,50,1,5,5,2,
7/12/2023 16:31,7/12/2023 16:35,0,,100,218,1,7/12/2023 16:35,R_25tqXdpW2DJUy6Z,,,,,,,anonymous,EN,1,,44,4,5,2,,7,3,25000,20,25000,20,25000,20,25000,20,25000,20,5,25000,20,25000,20,25000,20,25000,20,25000,20,25000,20,25000,20,0,10,0,10,4,4,1,
7/12/2023 16:24,7/12/2023 16:35,0,,100,681,1,7/12/2023 16:35,R_pFf4QxiwYX72rkZ,,,,,,,anonymous,EN,2,,59,5,5,2,,5,5,10000,100,10000,100,1000,100,0,0,0,0,5,0,0,0,0,100,100,100,100,0,10,0,5,0,1,0,0,0,0,2,4,1,
7/12/2023 16:31,7/12/2023 16:35,0,,100,246,1,7/12/2023 16:35,R_AAs89iwlKFYLMQ1,,,,,,,anonymous,EN,2,,26,4,4,2,,11,6,90,80,90000,80,85000,70,50000,25,50000,10,5,3000,2,100,0,40000,15,40000,15,3000,2,1000,2,2000,1,100,0,0,0,3,3,2,
7/12/2023 16:29,7/12/2023 16:36,0,,100,443,1,7/12/2023 16:36,R_p6OxT0Q0C7OSViN,,,,,,,anonymous,EN,1,,27,4,1,2,,2,2,90000,100,88000,98,80000,80,50000,10,10000,10,4,1000,2,1000,1,50000,50,40000,40,30000,30,20000,20,10000,10,5000,3,1000,1,1,5,2,
7/12/2023 16:32,7/12/2023 16:37,0,,100,285,1,7/12/2023 16:37,R_1P7ZjTnOZukE1AN,,,,,,,anonymous,EN,1,,18,2,4,2,,3,6,100000,20,100000,20,100000,5,10000,0,1000,0,5,1000,0,1000,0,25000,30,25000,30,10000,5,1000,5,0,0,0,0,0,0,2,4,2,
7/12/2023 16:33,7/12/2023 16:37,0,,100,255,1,7/12/2023 16:37,R_2EFXlVqRVxv8Brw,,,,,,,anonymous,EN,2,,39,4,5,2,,3,3,20000,70,10000,50,5000,10,1000,5,750,3,5,500,3,250,3,5000,20,2500,10,1000,10,500,5,250,5,250,3,150,2,2,3,1,
7/12/2023 16:29,7/12/2023 16:37,0,,100,498,1,7/12/2023 16:37,R_3UUZNOwi6pAXMB3,,,,,,,anonymous,EN,2,,28,3,2,2,,4,2,100000,100,70000,70,40000,40,20000,20,5000,5,5,1000,2,0,0,100000,100,80000,80,20000,20,4000,5,0,0,0,0,0,0,2,3,1,
7/12/2023 16:34,7/12/2023 16:38,0,,100,220,1,7/12/2023 16:38,R_234y9qHDaBMFNZS,,,,,,,anonymous,EN,1,,20,3,2,2,,4,4,75000,50,75000,50,72500,50,70000,50,70000,50,5,67500,50,67500,50,65000,25,65000,25,60000,25,55000,25,52500,25,50000,25,50000,25,2,3,2,
7/12/2023 16:33,7/12/2023 16:38,0,,100,312,1,7/12/2023 16:38,R_23dibkSzcC3yArN,,,,,,,anonymous,EN,2,,27,4,3,2,,3,5,40000,100,30000,80,10000,50,10000,20,10000,20,5,5000,5,5000,5,50000,50,50000,50,40000,40,30000,30,10000,10,10000,10,5000,5,2,2,1,
7/12/2023 16:35,7/12/2023 16:38,0,,100,175,1,7/12/2023 16:38,R_T6eWrjW3lle9sul,,,,,,,anonymous,EN,1,,29,5,5,2,,5,3,10000,365,10000,365,10000,365,1000,10,0,0,5,0,0,0,0,0,0,0,0,0,0,0,0,0,0,0,0,0,0,3,2,1,
7/12/2023 16:17,7/12/2023 16:39,0,,100,1317,1,7/12/2023 16:39,R_VXtk05N4c4zsLoB,,,,,,,anonymous,EN,2,,21,3,1,2,,2,2,500,7,500,7,500,7,300,5,300,3,5,200,2,50,0,400,6,400,3,200,3,100,2,100,1,50,0,0,0,2,2,2,
7/12/2023 16:25,7/12/2023 16:39,0,,100,810,1,7/12/2023 16:39,R_11cjYqBEnHij469,,,,,,,anonymous,EN,2,,27,4,2,2,,5,6,3000,20,3000,25,500,4,200,1,50,0,5,0,0,0,0,800,2,800,2,650,2,400,3,100,0,0,0,0,0,1,3,2,
7/12/2023 16:34,7/12/2023 16:39,0,,100,321,1,7/12/2023 16:39,R_oYKnijdLPN2dtxT,,,,,,,anonymous,EN,1,,24,3,4,2,,0,3,50000,200,50000,200,3000,5,1000,2,1000,2,5,1000,0,1000,0,5000,2,5000,2,1000,2,500,0,500,0,500,0,500,0,2,4,1,
7/12/2023 16:36,7/12/2023 16:39,0,,100,204,1,7/12/2023 16:39,R_1GErFje1nvqyNLS,,,,,,,anonymous,EN,1,,31,5,6,2,,3,5,100000,100,20000,10,1000,2,500,1,200,1,5,100,0,0,0,10000,3,1000,2,500,1,100,1,50,0,20,0,0,0,4,4,2,
7/12/2023 16:34,7/12/2023 16:40,0,,100,363,1,7/12/2023 16:40,R_r7oQJYNx0KZFG6t,,,,,,,anonymous,EN,2,,40,5,6,2,,15,7,50000,100,50000,100,50000,100,100,7,50,5,5,50,1,20,0,100,7,100,7,50,5,50,3,50,2,20,0,0,0,5,2,2,
7/12/2023 16:19,7/12/2023 16:40,0,,100,1256,1,7/12/2023 16:40,R_sTqUnUSlmDYwZ6V,,,,,,,anonymous,EN,2,,39,4,2,2,,1,8,100000,100,100000,100,80000,100,50000,80,20000,30,5,10000,10,10000,10,40000,30,40000,30,30000,20,20000,20,10000,10,5000,10,5000,10,1,2,1,
7/12/2023 16:34,7/12/2023 16:40,0,,100,390,1,7/12/2023 16:40,R_DnIjl5XlzO2pRCx,,,,,,,anonymous,EN,2,,50,5,6,2,,6,4,100000,100,100000,100,20,20,10000,5,5000,2,5,2000,0,500,0,2000,5,500,0,200,0,200,0,109,0,100,0,100,0,3,4,1,
7/12/2023 16:37,7/12/2023 16:41,0,,100,197,1,7/12/2023 16:41,R_1OB9pYYovQepvC2,,,,,,,anonymous,EN,1,,28,4,5,2,,3,20,100000,100,80000,70,10000,10,2000,0,2000,0,5,2000,0,0,0,10000,10,7000,7,5000,5,2000,0,2000,0,1000,0,0,0,3,2,1,
7/12/2023 16:36,7/12/2023 16:41,0,,100,301,1,7/12/2023 16:41,R_21hqmfMQSSsdqws,,,,,,,anonymous,EN,1,,28,4,3,2,,3,4,50000,50,40000,40,20000,30,10000,10,1000,5,5,1000,2,1000,2,1000,2,1000,1,100,0,100,0,100,0,100,0,100,0,2,2,1,
7/12/2023 16:38,7/12/2023 16:42,0,,100,248,1,7/12/2023 16:42,R_10A6dEFckBkBCe1,,,,,,,anonymous,EN,1,,29,2,1,2,,0,1,80000,100,80000,50,20000,20,20000,0,5000,0,5,5000,0,5000,0,20000,20,10000,5,10000,0,2000,0,1000,0,1000,0,500,0,1,4,2,
7/12/2023 16:36,7/12/2023 16:42,0,,100,384,1,7/12/2023 16:42,R_31tpQ5WO7FQmQz3,,,,,,,anonymous,EN,1,,28,4,4,2,,4,12,10000,40,10000,30,5000,5,5000,10,5000,5,5,5000,5,5000,5,10000,25,10000,25,10000,15,2000,3,1000,2,1000,2,1000,2,3,4,2,
7/12/2023 16:38,7/12/2023 16:43,0,,100,323,1,7/12/2023 16:43,R_UyWMzNtHHystOoh,,,,,,,anonymous,EN,2,,37,4,4,2,,3,8,10000,30,8000,30,7000,30,1000,7,1000,7,5,500,7,100,0,10000,30,8000,30,5000,14,1000,7,800,7,500,7,100,0,3,3,1,
7/12/2023 16:39,7/12/2023 16:43,0,,100,239,1,7/12/2023 16:43,R_1FrK7c7tKlU3LGg,,,,,,,anonymous,EN,1,,23,4,3,2,,4,7,90000,95,80000,80,60000,30,30000,14,10000,7,5,10000,5,5000,3,90000,90,70000,30,50000,60,50000,28,45000,30,30000,28,10000,14,2,5,1,
7/12/2023 16:37,7/12/2023 16:43,0,,100,357,1,7/12/2023 16:43,R_2z76ZHLeL6b475f,,,,,,,anonymous,EN,1,,29,4,3,2,,10,3,5000,20,5000,20,500,5,100,5,50,0,5,50,0,50,0,100,5,50,5,50,0,50,0,20,0,0,0,0,0,3,4,2,
7/12/2023 16:42,7/12/2023 16:44,0,,100,152,1,7/12/2023 16:44,R_1DnwsVt7iGYCLWQ,,,,,,,anonymous,EN,1,,20,4,5,2,,5,5,30000,40,30000,40,40000,30,20000,20,10000,5,5,10000,0,1000,0,10000,30,5000,10,5000,5,1000,0,0,0,0,0,0,0,3,2,1,
7/12/2023 16:39,7/12/2023 16:45,0,,100,386,1,7/12/2023 16:45,R_3NVX8UC1cvuD4qj,,,,,,,anonymous,EN,1,,38,4,3,2,,15,10,10000,50,8000,50,5000,50,5000,50,1000,30,5,1000,20,500,1,1000,75,1000,50,500,10,100,5,100,3,50,1,10,1,1,4,1,
7/12/2023 16:41,7/12/2023 16:46,0,,100,277,1,7/12/2023 16:46,R_9mgbY5IE8DakoBb,,,,,,,anonymous,EN,1,,29,4,3,2,,2,4,50000,35,40000,30,500,3,0,0,0,0,5,0,0,0,0,30000,30,8000,5,500,1,0,0,0,0,0,0,0,0,3,4,1,
7/12/2023 16:41,7/12/2023 16:46,0,,100,312,1,7/12/2023 16:46,R_3EYbyxncZJIiV3M,,,,,,,anonymous,EN,1,,42,5,2,2,,2,1,30000,30,25000,24,15000,15,12000,10,6000,9,5,4000,5,0,0,30000,25,26000,20,8000,7,2000,7,500,1,100,0,0,0,2,4,1,
7/12/2023 16:43,7/12/2023 16:47,0,,100,280,1,7/12/2023 16:47,R_2ASYIHCTftrsgyT,,,,,,,anonymous,EN,2,,29,5,2,2,,10,3,100,100,90,90,50,2,50,1,20,1,5,20,0,20,0,20,1,20,0,20,0,20,0,20,0,20,0,20,0,1,3,1,No
7/12/2023 16:45,7/12/2023 16:48,0,,100,172,1,7/12/2023 16:48,R_1jWkoY8m3DD1ZXg,,,,,,,anonymous,EN,1,,36,,1,2,,0,3,90000,100,90000,100,90000,100,1000,5,0,0,5,0,0,0,0,1000,5,1000,5,0,0,0,0,0,0,0,0,0,0,2,4,1,
7/12/2023 16:44,7/12/2023 16:48,0,,100,224,1,7/12/2023 16:48,R_242HvfuELnpajTH,,,,,,,anonymous,EN,1,,23,4,2,2,,6,5,60000,30,60000,30,50000,25,50000,20,50000,10,5,20000,7,20000,0,50000,7,50000,7,30000,7,30000,3,30000,0,1000,0,1000,0,3,2,1,
7/12/2023 16:43,7/12/2023 16:48,0,,100,298,1,7/12/2023 16:48,R_27qyWqwoPOLrFx1,,,,,,,anonymous,EN,1,,19,3,4,2,,2,2,10000,30,10000,25,7000,20,7000,25,5000,15,5,3000,15,1000,5,7500,17,7000,16,6000,15,4500,14,3000,10,1000,10,500,5,2,4,1,
7/12/2023 16:37,7/12/2023 16:48,0,,100,671,1,7/12/2023 16:48,R_2CcXcx0QTHyCXDq,,,,,,,anonymous,EN,1,,28,4,5,2,,5,5,20000,50,20000,50,20000,50,1000,3,500,1,5,0,0,0,0,50000,80,10000,30,1000,5,100,1,0,0,0,0,0,0,4,2,2,
7/12/2023 16:40,7/12/2023 16:48,0,,100,481,1,7/12/2023 16:48,R_2wNVel7xsDVHBQv,,,,,,,anonymous,EN,2,,20,3,4,2,,10,5,100000,100,100000,100,70000,70,40000,40,100,3,5,20,0,20,0,50000,10,100,5,100,5,50,0,20,0,20,0,20,0,2,2,2,
7/12/2023 16:43,7/12/2023 16:48,0,,100,357,1,7/12/2023 16:48,R_3GqgQy3fVcZxoLn,,,,,,,anonymous,EN,2,,30,4,5,2,,10,3,50000,50,40000,40,10000,10,5000,5,1000,5,5,500,2,100,0,10000,7,1000,5,500,3,200,2,100,0,25,0,20,0,4,3,2,
7/12/2023 16:43,7/12/2023 16:51,0,,100,451,1,7/12/2023 16:51,R_1mXH6XADseZ1iAm,,,,,,,anonymous,EN,2,,22,4,1,2,,5,3,80000,100,80000,100,60000,80,20000,70,10000,50,5,10000,60,5000,10,75000,90,70000,90,65000,80,5000,15,1000,7,1250,7,1000,7,2,4,1,
7/12/2023 16:48,7/12/2023 16:54,0,,100,348,1,7/12/2023 16:54,R_3HTDJUi72brHbYs,,,,,,,anonymous,EN,2,,50,4,6,2,,3,3,50000,100,10000,50,1000,14,0,0,0,0,5,0,0,0,0,5000,14,1000,14,0,3,0,0,0,0,0,0,0,0,2,4,1,
7/12/2023 16:40,7/12/2023 16:54,0,,100,832,1,7/12/2023 16:54,R_w1O4mEXnRsvML4t,,,,,,,anonymous,EN,1,,64,3,3,2,,2,3,5000,30,5000,30,500,10,500,30,0,0,5,0,0,0,0,500,30,500,30,200,10,0,0,0,0,0,0,0,0,3,2,1,
7/12/2023 16:55,7/12/2023 16:57,0,,100,157,1,7/12/2023 16:57,R_3EhvajrkF7XayNK,,,,,,,anonymous,EN,1,,53,4,3,2,,3,2,50000,30,50000,30,25000,14,0,0,0,0,5,0,0,0,0,50000,30,50000,30,0,0,0,0,0,0,0,0,0,0,2,4,2,
7/12/2023 16:55,7/12/2023 17:02,0,,100,436,1,7/12/2023 17:02,R_2S7FjblzGbUJlCk,,,,,,,anonymous,EN,2,,60,5,6,2,,3,12,5000,15,5000,15,3000,10,1000,5,300,3,5,100,1,50,1,2000,8,2000,8,1500,6,500,5,500,5,100,1,100,1,2,3,1,
7/12/2023 16:54,7/12/2023 17:03,0,,100,530,1,7/12/2023 17:03,R_2dycEiHGJttsN2W,,,,,,,anonymous,EN,2,,55,4,3,2,,2,5,70000,90,65000,85,30000,50,5000,10,3000,5,5,1000,2,100,1,1000,10,800,7,300,3,200,1,100,1,50,0,50,0,1,1,1,no.
7/12/2023 17:03,7/12/2023 17:06,0,,100,188,1,7/12/2023 17:06,R_3310J46ZGQ745IQ,,,,,,,anonymous,EN,2,,50,5,4,2,,12,5,10000,20,10000,20,10000,20,7500,5,7500,10,5,2000,3,2000,2,10000,20,10000,20,7500,5,7500,10,2000,2,1000,1,1000,0,2,1,1,
7/12/2023 17:00,7/12/2023 17:07,0,,100,434,1,7/12/2023 17:07,R_O7jng5Nu5L78VRT,,,,,,,anonymous,EN,2,,58,4,2,2,,3,1,100000,100,100000,100,80000,80,40000,7,10000,3,5,5000,1,5000,1,50000,100,50000,100,25000,7,5000,3,2000,1,1000,1,1000,1,3,4,2,"This was an interesting thought exercise. After having just spent the last 7 years taking care of my parents I have a good understanding of what time and money can do when caring for someone that you're close with. It also inclines me more to care for others, but a lot depends on the people around the person that needs care. Thank you! "
7/12/2023 16:58,7/12/2023 17:09,0,,100,641,1,7/12/2023 17:09,R_3mmYPAjgxOd7z0M,,,,,,,anonymous,EN,1,,52,4,3,2,,2,5,10000,10,5000,3,3000,3,1000,3,1000,2,5,500,2,200,1,500,2,500,2,150,1,75,1,50,1,25,0,5,0,4,2,1,
7/12/2023 17:08,7/12/2023 17:14,0,,100,364,1,7/12/2023 17:14,R_2w0RNBRzryGUash,,,,,,,anonymous,EN,2,,55,4,1,2,,1,7,25000,25,25000,25,25000,25,0,0,0,0,5,0,0,0,0,50000,65,0,0,0,0,0,0,0,0,0,0,0,0,1,4,1,
7/12/2023 16:34,7/12/2023 17:16,0,,100,2565,1,7/12/2023 17:17,R_4IAMgnXgxNyQUNz,,,,,,,anonymous,EN,1,,27,5,5,2,,3,3,50000,50,50000,50,30000,30,15000,10,10000,10,5,5000,3,1000,1,25000,25,25000,25,1000,3,500,2,300,1,100,1,100,1,4,3,2,
7/12/2023 17:19,7/12/2023 17:23,0,,100,253,1,7/12/2023 17:23,R_3sofLJHnWX7XxJ5,,,,,,,anonymous,EN,1,,55,5,3,2,,4,7,50000,100,50000,100,20000,60,5000,7,2000,7,5,2000,4,0,0,2000,4,2000,4,2000,3,0,0,0,0,0,0,0,0,3,4,2,
7/12/2023 17:25,7/12/2023 17:30,0,,100,283,1,7/12/2023 17:30,R_116gye4bkKVbZqZ,,,,,,,anonymous,EN,2,,31,4,2,2,,1,3,100000,100,90000,80,50000,40,40000,30,30000,30,5,5000,10,3000,5,90000,80,80000,70,30000,30,10000,5,5000,3,2000,2,1000,1,2,1,1,No
7/12/2023 17:36,7/12/2023 17:40,0,,100,260,1,7/12/2023 17:40,R_25QRMkMH96vS7J2,,,,,,,anonymous,EN,2,,57,5,6,2,,4,1,50,80,40,50,15,10,5,5,0,0,5,0,0,0,0,50,20,20,10,5,5,2,1,0,0,0,0,0,0,3,5,2,
7/12/2023 17:45,7/12/2023 17:52,0,,100,413,1,7/12/2023 17:52,R_2E3GUjMlER7XBXv,,,,,,,anonymous,EN,1,,57,5,5,2,,2,8,20000,100,20000,100,10000,50,10000,50,500,2,5,0,1,0,0,1000,5,500,5,100,2,0,0,0,0,0,0,0,0,3,4,1,
7/12/2023 17:53,7/12/2023 17:59,0,,100,387,1,7/12/2023 17:59,R_Wv9VuRL3MDd61Ox,,,,,,,anonymous,EN,2,,,5,3,2,,12,12,30,100,30,80,30,70,30,10,30,1,5,30,0,0,0,30,1,30,1,30,1,30,1,30,1,10,0,0,0,1,1,1,
7/12/2023 17:54,7/12/2023 18:06,0,,100,742,1,7/12/2023 18:06,R_2YtfqfiLSYYF2Hb,,,,,,,anonymous,EN,1,,58,4,3,2,,6,12,90000,80,90000,80,50000,30,30000,25,30000,15,5,4000,10,1000,2,50000,30,45000,28,30000,20,20000,18,180000,14,10000,7,1000,2,2,4,1,
7/12/2023 18:20,7/12/2023 18:22,0,,100,126,1,7/12/2023 18:22,R_2yfkmXrxEkiHQ2M,,,,,,,anonymous,EN,4,,51,2,2,2,,4,8,100,1,10,0,10,0,10,0,10,0,5,10,0,10,0,100,1,10,0,10,0,10,0,10,0,10,0,10,0,2,2,1,None
7/12/2023 18:22,7/12/2023 18:30,0,,100,438,1,7/12/2023 18:30,R_PTM7EfINnWc5erD,,,,,,,anonymous,EN,1,,52,3,6,2,,5,6,100000,100,100000,100,100000,100,100000,30,10000,7,5,1000,5,1000,5,100000,100,100000,100,50000,30,50000,30,10000,7,1000,5,1000,5,3,2,2,
7/12/2023 18:42,7/12/2023 18:53,0,,100,640,1,7/12/2023 18:53,R_YXoa1shujI9ce3v,,,,,,,anonymous,EN,1,,67,4,6,2,,5,4,50000,50,30000,30,5000,5,1000,1,800,1,5,5,1,1,1,50000,50,45000,45,20000,20,5000,5,4000,2,1000,1,1000,1,4,4,2,
7/12/2023 19:48,7/12/2023 19:58,0,,100,567,1,7/12/2023 19:58,R_1eEmJgZiRvRnO3s,,,,,,,anonymous,EN,2,,50,5,3,2,,7,5,20000,100,20000,100,20000,50,1000,7,100,1,5,100,1,100,1,3000,7,3000,7,1000,7,500,1,200,1,200,1,100,1,1,2,2,
7/12/2023 20:04,7/12/2023 20:12,0,,100,467,1,7/12/2023 20:12,R_Uop0J2oP8ivmLCh,,,,,,,anonymous,EN,2,,50,3,6,2,,3,12,50000,100,50000,100,40000,100,40000,100,15000,100,5,10000,50,5000,50,5000,100,4000,100,2000,100,1000,100,1000,50,1000,50,0,50,2,2,1,
7/12/2023 20:07,7/12/2023 20:14,0,,100,430,1,7/12/2023 20:14,R_2vbTvbn5PzInJRR,,,,,,,anonymous,EN,1,,72,5,5,2,,5,8,80000,100,75000,50,75000,50,10000,15,3000,5,5,0,0,0,0,4000,10,4000,10,1000,5,0,0,0,0,0,0,0,0,2,2,1,none
7/12/2023 20:17,7/12/2023 20:22,0,,100,276,1,7/12/2023 20:22,R_cPgemNQNS2dEtbj,,,,,,,anonymous,EN,1,,50,4,6,2,,4,3,50000,20,20000,20,20000,20,20000,20,20000,5,5,15000,0,15000,0,20000,20,20000,10,20000,2,20000,0,15000,0,10000,0,10000,0,4,2,2,
7/12/2023 20:15,7/12/2023 20:28,0,,100,751,1,7/12/2023 20:28,R_1DZMMulo3Bm5Ljy,,,,,,,anonymous,EN,2,,57,5,4,2,,8,5,50000,100,50000,100,30000,50,5000,14,200,5,5,100,0,100,0,5000,50,5000,50,1000,21,100,7,75,0,50,0,50,0,2,4,1,
7/12/2023 20:40,7/12/2023 20:46,0,,100,389,1,7/12/2023 20:46,R_WqTmt3gMI1gyAlb,,,,,,,anonymous,EN,2,,50,4,2,6,Indian,4,8,100000,100,100000,100,90000,90,50000,50,20000,10,5,10000,5,1000,4,20000,20,15000,15,15000,10,10000,6,5000,5,4000,4,1000,1,2,3,2,
7/12/2023 20:56,7/12/2023 21:00,0,,100,239,1,7/12/2023 21:00,R_1FR1wRWi8EqLT1a,,,,,,,anonymous,EN,1,,51,5,6,2,,4,4,10000,15,10000,15,500,2,200,1,100,1,5,50,0,50,0,250,1,100,1,100,1,0,0,0,0,0,0,0,0,2,2,1,
7/12/2023 21:00,7/12/2023 21:10,0,,100,595,1,7/12/2023 21:10,R_3IZa7nhMW9FKYuZ,,,,,,,anonymous,EN,2,,64,4,2,6,Chinese,5,4,100000,100,100000,100,100000,100,50000,50,50000,50,5,10000,10,1000,1,20000,20,20000,20,10000,10,10000,10,5000,5,2500,2,0,0,3,3,1,A non-relative can be a very close friend who maybe treated and thought of as a relative
7/12/2023 21:14,7/12/2023 21:19,0,,100,250,1,7/12/2023 21:19,R_1F2PnIPnvvVGJKe,,,,,,,anonymous,EN,2,,52,4,2,2,,15,4,500,5,500,5,500,5,400,3,300,2,5,200,0,100,0,500,2,500,2,400,1,200,0,100,0,100,0,100,0,1,2,1,
7/12/2023 21:18,7/12/2023 21:27,0,,100,535,1,7/12/2023 21:27,R_3EKfv97KXKkY8Jn,,,,,,,anonymous,EN,1,,56,3,3,2,,2,11,10000,10,5000,5,1000,5,1000,5,500,2,5,500,0,500,0,10000,10,10000,10,10000,10,500,5,500,0,500,0,500,0,1,3,1,
7/12/2023 21:30,7/12/2023 21:33,0,,100,223,1,7/12/2023 21:33,R_1pMOq5j8RCl94ji,,,,,,,anonymous,EN,1,,70,5,3,2,,1,6,100000,100,100000,100,100000,100,20000,25,10000,10,5,10000,5,1000,1,50000,100,25000,50,10000,10,5000,5,1000,10,500,10,100,1,4,5,1,
7/12/2023 22:02,7/12/2023 22:07,0,,100,323,1,7/12/2023 22:07,R_UhCnB2sbJ7IKtAB,,,,,,,anonymous,EN,2,,56,4,3,2,,5,5,50000,100,50000,100,50000,100,0,0,0,0,5,0,0,0,0,20000,30,15000,30,5000,15,5000,20,0,5,0,0,0,0,3,2,2,
7/12/2023 22:17,7/12/2023 22:29,0,,100,687,1,7/12/2023 22:29,R_3qPXlyQ1IAhSrC2,,,,,,,anonymous,EN,2,,51,4,3,2,,19,11,40000,100,40000,100,40000,100,30000,80,20000,50,5,5000,20,500,3,20000,60,20000,50,10000,30,5000,15,1000,5,100,1,50,0,1,4,1,The questions are clear and easy to answer. Thanks.
7/12/2023 22:33,7/12/2023 22:56,0,,100,1362,1,7/12/2023 22:56,R_2woAyv2uz8x3SwS,,,,,,,anonymous,EN,2,,63,3,1,2,,2,2,10,1,5,1,2,1,1,1,1,1,1,1,1,1,1,10,1,5,1,5,1,1,1,1,1,1,1,1,1,1,1,1,Study was good thank you 
7/12/2023 23:17,7/12/2023 23:27,0,,100,576,1,7/12/2023 23:27,R_abEgs3u22iatvt7,,,,,,,anonymous,EN,2,,60,5,3,2,,3,6,100000,100,100000,100,100000,100,50000,50,30000,30,5,20000,0,10000,0,100000,100,100000,100,5000,5,1000,0,0,1,0,0,0,0,2,2,2,
7/12/2023 23:40,7/12/2023 23:47,0,,100,435,1,7/12/2023 23:47,R_1Q5gpMTQ616Hs0O,,,,,,,anonymous,EN,2,,52,4,2,2,,2,3,5000,20,10000,30,10000,50,2000,10,5000,50,5,20000,20,3000,10,10000,10,80000,100,40000,20,2000,10,2000,4,1000,4,200,1,3,4,2,
7/12/2023 23:45,7/12/2023 23:52,0,,100,381,1,7/12/2023 23:52,R_pK4AIjD8vh5TvAl,,,,,,,anonymous,EN,1,,50,5,3,6,Euro/asian,3,5,100000,80,100000,70,100000,50,100000,50,100000,40,5,50000,25,20000,10,20,10,20000,10,20000,10,20000,10,20000,10,20000,10,20000,10,2,1,2,"No, but thanks for asking."
8/12/2023 0:29,8/12/2023 0:35,0,,100,362,1,8/12/2023 0:35,R_2cqTytitKOPLP57,,,,,,,anonymous,EN,2,,53,4,3,2,,2,15,1000000,100,100000,100,100000,100,100000,100,1000,5,5,1000,2,1000,2,1000,2,1000,2,1000,2,1000,2,500,1,500,1,500,1,3,5,1,
8/12/2023 0:50,8/12/2023 0:56,0,,100,324,1,8/12/2023 0:56,R_BFag4SmzEflGlY5,,,,,,,anonymous,EN,2,,50,4,2,2,,6,8,50,90,50,90,50,70,40,20,30,10,5,30,0,10,0,80,10,80,10,60,5,40,3,10,1,10,0,5,0,3,3,2,
8/12/2023 1:12,8/12/2023 1:18,0,,100,354,1,8/12/2023 1:18,R_PTcg59t2A0Qxlkt,,,,,,,anonymous,EN,2,,53,5,3,2,,5,10,50,100,50000,100,30000,50,20000,30,10000,7,5,1000,1,100,0,10000,7,1000,7,1000,7,1000,7,1000,0,500,0,100,0,2,4,2,
8/12/2023 1:25,8/12/2023 1:40,0,,100,904,1,8/12/2023 1:40,R_2xEp13DHnuvnY0M,,,,,,,anonymous,EN,2,,51,4,4,2,,10,15,30000,80,30000,80,20000,50,10,20,1000,2,5,1000,1,500,0,1000,20,1000,20,500,10,100,1,0,0,0,0,0,0,2,4,2,This study is interesting as it makes us imagine an unlikely event (so I hope!) and forces us to classify family/friends when having to make a tough decision.  Good luck with the research! 
8/12/2023 1:39,8/12/2023 1:47,0,,100,506,1,8/12/2023 1:47,R_b2zKHyBqkXzXMAh,,,,,,,anonymous,EN,2,,54,4,2,2,,8,16,40000,70,40000,60,40000,50,20000,30,0,0,5,0,0,0,0,20000,50,15000,30,1000,5,0,0,0,0,0,0,0,0,3,4,2,
8/12/2023 2:01,8/12/2023 2:05,0,,100,273,1,8/12/2023 2:05,R_272IKTGM2FDwtYt,,,,,,,anonymous,EN,2,,52,5,5,2,,8,12,5000,5,2000,5,1000,2,500,2,500,2,5,100,1,100,1,1000,5,1000,5,500,2,500,2,100,1,100,1,50,1,3,4,1,
8/12/2023 2:17,8/12/2023 2:23,0,,100,322,1,8/12/2023 2:23,R_1H6okVMJiI2xMF6,,,,,,,anonymous,EN,1,,55,4,1,6,Pakistani ,5,1,25000,30,1000,2,1000,2,100,0,0,0,5,500,1,0,0,50000,100,1000,5,0,0,0,0,0,0,0,0,0,0,1,1,1,
8/12/2023 2:07,8/12/2023 2:24,0,,100,1040,1,8/12/2023 2:24,R_1odLMz63EYXFf6z,,,,,,,anonymous,EN,2,,51,4,3,2,,1,1,100000,100,100000,100,100000,100,100000,100,50000,100,5,50000,100,25000,100,100000,100,100000,100,50000,100,25000,100,10000,14,10000,14,5000,7,1,3,2,
8/12/2023 2:17,8/12/2023 2:25,0,,100,494,1,8/12/2023 2:25,R_1gckBayalGysK6X,,,,,,,anonymous,EN,1,,50,4,3,2,,5,6,10000,120,10000,120,8000,90,8000,90,6000,60,5,5000,30,2500,14,35000,180,30000,75,25000,60,20000,45,20000,30,10,20,5000,10,4,4,2,
8/12/2023 2:29,8/12/2023 2:39,0,,100,592,1,8/12/2023 2:39,R_2pRhO14XX87MfAE,,,,,,,anonymous,EN,2,,58,4,4,2,,10,3,50000,50,30000,50,20000,30,20000,20,20000,10,5,10000,10,10000,10,30000,50,30000,30,20000,20,10000,20,10000,15,10000,10,10000,10,3,2,2,
8/12/2023 2:46,8/12/2023 2:49,0,,100,184,1,8/12/2023 2:49,R_32YkcrIU0wfMVrQ,,,,,,,anonymous,EN,1,,52,4,,2,,1,4,1000,10,1000,10,750,7,500,5,2503,,5,100,1,100,1,500,2,500,2,250,1,2501,,100,1,250,1,0,0,3,3,2,
8/12/2023 2:44,8/12/2023 2:50,0,,100,379,1,8/12/2023 2:50,R_30kmiE2Gwf6OxAE,,,,,,,anonymous,EN,1,,50,4,1,2,,1,1,600000,80,400000,60,25000,30,10000,15,8000,8,5,1000,5,1000,2,15000,20,12000,15,5000,5,3000,3,2000,2,1000,1,500,0,1,4,1,
8/12/2023 3:08,8/12/2023 3:20,0,,100,689,1,8/12/2023 3:20,R_1G0gh50S6dtQSHL,,,,,,,anonymous,EN,2,,53,2,2,2,,3,10,30000,75,30000,75,25000,60,25000,60,20000,45,5,15000,35,5000,20,20000,80,20000,75,20000,75,15000,60,10000,40,5000,20,2500,10,2,2,1,"In a real situation, if it's a closest family member like a mom, or child, I would most likely donate the whole amount of money and all the time.  However, it all depends on other circumstances such as other people in the family willing to donate and help as well.  Regarding friends, I would be more willing to donate time to help."
8/12/2023 3:24,8/12/2023 3:32,0,,100,473,1,8/12/2023 3:32,R_1FnQn5pz1CrfMa1,,,,,,,anonymous,EN,1,,58,4,2,2,,2,6,100000,14,100000,14,100000,14,90000,12,70000,7,5,50000,5,10000,5,10000,4,10000,4,10000,3,10000,1,10000,1,5000,1,1000,0,3,2,1,N/A
8/12/2023 4:09,8/12/2023 4:19,0,,100,600,1,8/12/2023 4:19,R_1FJoxvCaSFL5KMe,,,,,,,anonymous,EN,1,,53,4,2,2,,2,4,10000,100,100,1,100,10,100,10,100,10,5,5,5,10,1,1000,100,1000,100,100,10,100,10,20,2,5,1,1,1,3,5,1,There are some of us that are orphans and there are some that are distant toward their family/relatives. 
8/12/2023 4:28,8/12/2023 4:35,0,,100,366,1,8/12/2023 4:35,R_3mlAFQaBGgycpiu,,,,,,,anonymous,EN,2,,56,5,1,2,,7,7,75000,75,15000,15,2000,2,2000,2,1000,1,5,1000,1,500,1,50000,50,25000,25,1000,1,500,,2500,,500,,250,,3,4,2,
8/12/2023 4:54,8/12/2023 5:11,0,,100,1015,1,8/12/2023 5:11,R_3MKkXEKbCjih93S,,,,,,,anonymous,EN,2,,53,5,3,2,,3,10,50000,50,20000,20,5000,5,1500,2,500,0.5,5,300,0.5,200,0,1000,10,200,7,100,2,100,1,100,0.5,100,0,50,0,3,2,2,
8/12/2023 6:24,8/12/2023 6:29,0,,100,292,1,8/12/2023 6:29,R_1Lj7rZ35jToXsKY,,,,,,,anonymous,EN,2,,52,4,6,2,,0,20,100,100,100,100,100,100,100,100,100,50,5,10,5,10,5,0,5,0,5,0,5,0,0,0,0,0,0,0,0,2,1,1,
8/12/2023 8:15,8/12/2023 8:19,0,,100,269,1,8/12/2023 8:19,R_3gUykwhiPalzmSM,,,,,,,anonymous,EN,4,,51,4,4,2,,5,0,0,0,0,0,0,0,0,0,0,0,2,0,0,0,0,0,10,0,10,0,10,0,10,0,0,0,0,0,0,5,3,2,Have a fantastic Friday dear researchers!
8/12/2023 8:49,8/12/2023 8:56,0,,100,430,1,8/12/2023 8:56,R_2pRaxpRFgSronLM,,,,,,,anonymous,EN,2,,59,5,4,2,,5,10,50,95,50,90,50,80,20,40,5000,10,5,5000,5,1000,3,10000,70,10000,70,8000,60,5000,30,3000,5,1000,3,0,0,4,4,1,
8/12/2023 9:07,8/12/2023 9:17,0,,100,583,1,8/12/2023 9:17,R_1n0mhzPTmbt700s,,,,,,,anonymous,EN,1,,52,4,2,2,,0,5,20000,80,20000,80,10000,30,5000,10,1000,7,5,1000,7,1000,4,1000,4,1000,4,1000,4,1000,4,1000,4,1000,4,1000,4,1,4,1,
8/12/2023 11:29,8/12/2023 11:33,0,,100,267,1,8/12/2023 11:33,R_1NfE0Glmi2zc0TY,,,,,,,anonymous,EN,2,,56,5,6,2,,4,9,50000,70,45000,60,20000,20,10000,15,8000,7,5,1000,5,1000,3,25000,50,15000,30,12000,5,5000,5,3000,5,2500,3,1000,3,2,3,1,
8/12/2023 12:33,8/12/2023 12:40,0,,100,367,1,8/12/2023 12:40,R_1pYYVKj7OGnLnmu,,,,,,,anonymous,EN,2,,65,4,6,2,,0,5,90000,365,80000,365,50000,200,20000,100,5000,30,5,0,7,0,7,2000,7,2000,7,1000,7,0,3,0,3,0,0,0,0,2,5,1,
8/12/2023 14:25,8/12/2023 14:31,0,,100,364,1,8/12/2023 14:31,R_2q89ZLx6cADEknc,,,,,,,anonymous,EN,2,,54,5,3,2,,3,3,35000,45,25000,30,15000,20,10000,7,3000,3,5,1000,1,0,0,35000,45,30000,30,10000,7,5000,5,100,2,50,1,0,0,2,2,2,
8/12/2023 14:35,8/12/2023 14:44,0,,100,534,1,8/12/2023 14:44,R_3ktBnseRjMmt9os,,,,,,,anonymous,EN,2,,59,4,2,2,,3,2,10000,30,10000,20,5000,10,1000,5,1000,3,5,100,1,100,1,10000,30,5000,20,1000,10,1000,5,100,1,50,0,20,0,2,5,2,
8/12/2023 23:44,8/12/2023 23:51,0,,100,435,1,8/12/2023 23:51,R_UrrebrxtxovWdmp,,,,,,,anonymous,EN,2,,56,5,2,6,Races do not exist!,0,2,5000,20,3000,10,1000,10,1000,5,1000,5,5,500,5,500,5,5000,20,5000,20,3000,15,3000,15,1000,8,500,5,500,3,2,3,2,Races do not exist! 
9/12/2023 1:50,9/12/2023 2:05,0,,100,887,1,9/12/2023 2:05,R_2DOIyIqg0D4V2Pw,,,,,,,anonymous,EN,2,,60,4,2,2,,5,45,20000,98,20000,90,10000,45,5000,40,5000,40,7,5000,30,5000,20,20000,40,10000,30,5000,10,5000,10,5000,10,5000,10,5000,10,3,2,1,"A few factors that might affect are the following additional comments of this hospitalized person:
 - Unable to pay for the money
 - No family/relatives/friends can take care "
9/12/2023 3:17,9/12/2023 3:37,0,,100,1188,1,9/12/2023 3:37,R_RVlHSXTGWssxzhv,,,,,,,anonymous,EN,2,,35,5,2,2,,2,3,20000,50,10000,20,5000,15,2000,2,1000,2,5,100,1,50,1,20000,50,30000,40,5000,15,3000,10,1000,2,200,1,100,1,2,2,1,no
9/12/2023 5:37,9/12/2023 5:41,0,,100,222,1,9/12/2023 5:41,R_21mFTeoKtBGxqKt,,,,,,,anonymous,EN,1,,55,5,2,2,,15,4,50000,50,25000,25,10000,10,0,0,0,0,5,1000,2,1000,1,50000,50,25000,25,1000,5,1000,1,0,0,0,0,0,0,3,4,2,
9/12/2023 11:12,9/12/2023 11:23,0,,100,624,1,9/12/2023 11:23,R_qOTqlvHHay1kccV,,,,,,,anonymous,EN,2,,55,4,1,2,,3,2,50000,100,50000,100,0,2,0,1,0,0,5,0,0,0,0,1000,5,1000,5,0,2,0,0,0,0,0,0,0,0,1,3,2,No
9/12/2023 15:32,9/12/2023 15:37,0,,100,265,1,9/12/2023 15:37,R_3kM9R4QBzXyjozz,,,,,,,anonymous,EN,2,,51,4,4,2,,5,10,70000,93,50000,70,20000,30,15000,30,10000,14,5,5000,7,3500,7,10000,30,8000,20,6000,14,5000,14,1000,14,1000,7,800,7,3,2,1,
10/12/2023 4:08,10/12/2023 4:17,0,,100,523,1,10/12/2023 4:17,R_3kpk3MT3rCZ5foE,,,,,,,anonymous,EN,2,,50,3,1,2,,2,10,1000,50,500,0,500,7,500,7,500,0,5,100,0,100,0,100,0,100,0,100,0,100,0,100,0,100,0,100,0,2,1,1,
10/12/2023 7:50,10/12/2023 7:58,0,,100,510,1,10/12/2023 7:58,R_3iUzcSTcwLEljR9,,,,,,,anonymous,EN,2,,52,4,2,2,,5,7,100000,100,100000,100,100000,100,20000,20,10000,10,5,5000,5,5000,5,50000,50,50000,50,50000,50,10000,10,5000,5,5000,5,5000,5,1,1,1,"The concept of $100K is hard to grasp, as is the concept of imagining someone 100 degrees away from my in closeness, but still connected through family or friendship.  It was an interesting study!"
10/12/2023 8:51,10/12/2023 9:01,0,,100,578,1,10/12/2023 9:01,R_3rYR6CQy059XHVc,,,,,,,anonymous,EN,1,,52,3,4,2,,7,6,100000,99,99000,97,25000,90,5000,20,1000,7,5,200,3,100,1,2500,21,1500,14,250,3,100,2,50,1,25,0,10,0,2,4,1,
10/12/2023 11:20,10/12/2023 11:24,0,,100,231,1,10/12/2023 11:24,R_1gCQrIygVwCYCis,,,,,,,anonymous,EN,1,,56,4,2,2,,5,2,10000,21,10000,10,2000,3,500,1,100,0,5,0,0,0,0,5000,10,500,0,100,0,100,0,0,0,0,0,0,0,2,4,1,
11/12/2023 4:56,11/12/2023 5:05,0,,100,534,1,11/12/2023 5:05,R_10Pkk94FsMpQnRl,,,,,,,anonymous,EN,1,,61,4,4,2,,0,7,80000,100,80000,100,50000,0,10000,0,5000,0,5,5000,0,5000,0,5000,0,5000,0,5000,0,5000,0,5000,0,5000,0,5000,0,1,3,1,
11/12/2023 12:01,11/12/2023 12:19,0,,100,1085,1,11/12/2023 12:19,R_22soWaskR2q4hkY,,,,,,,anonymous,EN,2,,53,3,1,6,,4,3,45000,15,30000,15,1500,8,8000,5,3000,3,2,1000,3,500,1,500,1,500,1,500,1,300,0,300,0,250,0,200,0,1,2,1,
